{
  "information" : {
    "selectedModelKey" : "Photo_Club_Hub_2_7_2.xcdatamodel"
  },
  "entitiesPositions" : {
    "Language" : [
      405,
      442
    ],
    "Level3" : [
      939,
      1133
    ],
    "Organization" : [
      948,
      505
    ],
    "Photographer" : [
      137,
      554
    ],
    "OrganizationType" : [
      950,
      373
    ],
    "Level2" : [
      939,
      1111
    ],
    "LocalizedKeyword" : [
      -125,
      787
    ],
    "PhotographerKeyword" : [
      133,
      810
    ],
    "Level0" : [
      941,
      1067
    ],
    "MemberPortfolio" : [
      404,
      725
    ],
    "Keyword" : [
      -121,
      556
    ],
    "LocalizedRemark" : [
      673,
      727
    ],
    "Level1" : [
      940,
      1089
    ],
    "LocalizedDescription" : [
      981,
      688
    ],
    "Canvas...Position" : [
      -431.035000000001,
      72.97000000000025
    ]
  }
}